{
  "files": [
    {
      "fileName": "./runtimes/unix/lib/net6.0/System.Management.Automation.dll",
      "SPDXID": "SPDXRef-File--runtimes-unix-lib-net6.0-System.Management.Automation.dll-D38D44EE0B69AF2377A40EE7C9AEAE585AD0F276",
      "checksums": [
        {
          "algorithm": "SHA256",
          "checksumValue": "729f37e6c20dc938c05278696b7bf51c32e1d1e090158310180e6108da679ff4"
        },
        {
          "algorithm": "SHA1",
          "checksumValue": "d38d44ee0b69af2377a40ee7c9aeae585ad0f276"
        }
      ],
      "licenseConcluded": "NOASSERTION",
      "licenseInfoInFiles": [
        "NOASSERTION"
      ],
      "copyrightText": "NOASSERTION"
    },
    {
      "fileName": "./ref/net6.0/System.Management.Automation.dll",
      "SPDXID": "SPDXRef-File--ref-net6.0-System.Management.Automation.dll-08FDC9535465E7BF455796CD288B8ACD0657C269",
      "checksums": [
        {
          "algorithm": "SHA256",
          "checksumValue": "df5ba7a8610449becb6d0128bc2c9a9f061d1425b0b728c32c16b0ef9ce64c14"
        },
        {
          "algorithm": "SHA1",
          "checksumValue": "08fdc9535465e7bf455796cd288b8acd0657c269"
        }
      ],
      "licenseConcluded": "NOASSERTION",
      "licenseInfoInFiles": [
        "NOASSERTION"
      ],
      "copyrightText": "NOASSERTION"
    },
    {
      "fileName": "./runtimes/win/lib/net6.0/System.Management.Automation.dll",
      "SPDXID": "SPDXRef-File--runtimes-win-lib-net6.0-System.Management.Automation.dll-61F1B209F9F13269606E7A4014AD927C9D214A35",
      "checksums": [
        {
          "algorithm": "SHA256",
          "checksumValue": "9199706a525bc888b925ef4e77359052e060eb867669db4e53134348a14c34ac"
        },
        {
          "algorithm": "SHA1",
          "checksumValue": "61f1b209f9f13269606e7a4014ad927c9d214a35"
        }
      ],
      "licenseConcluded": "NOASSERTION",
      "licenseInfoInFiles": [
        "NOASSERTION"
      ],
      "copyrightText": "NOASSERTION"
    },
    {
      "fileName": "./ref/net6.0/System.Management.Automation.xml",
      "SPDXID": "SPDXRef-File--ref-net6.0-System.Management.Automation.xml-D5BF846228688F8749FE4E0C5C6E1C811C5E2AD4",
      "checksums": [
        {
          "algorithm": "SHA256",
          "checksumValue": "2c9f793018ecc370d3b70fc14f36ea13add3abe2918f3d35288121f7d9396097"
        },
        {
          "algorithm": "SHA1",
          "checksumValue": "d5bf846228688f8749fe4e0c5c6e1c811c5e2ad4"
        }
      ],
      "licenseConcluded": "NOASSERTION",
      "licenseInfoInFiles": [
        "NOASSERTION"
      ],
      "copyrightText": "NOASSERTION"
    }
  ],
  "packages": [
    {
      "name": "System.Security.Permissions",
      "SPDXID": "SPDXRef-Package-79D23D36E35382A94AE37114DC01A4E20E19FC25E0D5C079BE6A506D4EF964E0",
      "downloadLocation": "NOASSERTION",
      "filesAnalyzed": false,
      "licenseConcluded": "NOASSERTION",
      "licenseInfoFromFiles": [
        "NOASSERTION"
      ],
      "licenseDeclared": "NOASSERTION",
      "copyrightText": "NOASSERTION",
      "versionInfo": "6.0.0",
      "externalRefs": [
        {
          "referenceCategory": "PACKAGE_MANAGER",
          "referenceType": "purl",
          "referenceLocator": "pkg:nuget/System.Security.Permissions%406.0.0"
        }
      ],
      "supplier": "NOASSERTION"
    },
    {
      "name": "System.DirectoryServices",
      "SPDXID": "SPDXRef-Package-85897238C8D0F38E744ED4C88A33739EB2606080F60124A32D442161FFD19D59",
      "downloadLocation": "NOASSERTION",
      "filesAnalyzed": false,
      "licenseConcluded": "NOASSERTION",
      "licenseInfoFromFiles": [
        "NOASSERTION"
      ],
      "licenseDeclared": "NOASSERTION",
      "copyrightText": "NOASSERTION",
      "versionInfo": "6.0.0",
      "externalRefs": [
        {
          "referenceCategory": "PACKAGE_MANAGER",
          "referenceType": "purl",
          "referenceLocator": "pkg:nuget/System.DirectoryServices%406.0.0"
        }
      ],
      "supplier": "NOASSERTION"
    },
    {
      "name": "Microsoft.Win32.Registry.AccessControl",
      "SPDXID": "SPDXRef-Package-C0475C00E6E28E144A924EBE3D4277ACEADC5AC76A243A3807A5440088D23A2A",
      "downloadLocation": "NOASSERTION",
      "filesAnalyzed": false,
      "licenseConcluded": "NOASSERTION",
      "licenseInfoFromFiles": [
        "NOASSERTION"
      ],
      "licenseDeclared": "NOASSERTION",
      "copyrightText": "NOASSERTION",
      "versionInfo": "6.0.0",
      "externalRefs": [
        {
          "referenceCategory": "PACKAGE_MANAGER",
          "referenceType": "purl",
          "referenceLocator": "pkg:nuget/Microsoft.Win32.Registry.AccessControl%406.0.0"
        }
      ],
      "supplier": "NOASSERTION"
    },
    {
      "name": "System.Runtime.CompilerServices.Unsafe",
      "SPDXID": "SPDXRef-Package-1B140F7FA3F784DD56CC7A8B4145E9AD58D8CDD4C249A0F27F2262E47C9B41AF",
      "downloadLocation": "NOASSERTION",
      "filesAnalyzed": false,
      "licenseConcluded": "NOASSERTION",
      "licenseInfoFromFiles": [
        "NOASSERTION"
      ],
      "licenseDeclared": "NOASSERTION",
      "copyrightText": "NOASSERTION",
      "versionInfo": "6.0.0",
      "externalRefs": [
        {
          "referenceCategory": "PACKAGE_MANAGER",
          "referenceType": "purl",
          "referenceLocator": "pkg:nuget/System.Runtime.CompilerServices.Unsafe%406.0.0"
        }
      ],
      "supplier": "NOASSERTION"
    },
    {
      "name": "Newtonsoft.Json",
      "SPDXID": "SPDXRef-Package-6F5ABA2F60FB90661506CC54FDBF9E05522B0358CA56CDFBFF998AB5A5BCD428",
      "downloadLocation": "NOASSERTION",
      "filesAnalyzed": false,
      "licenseConcluded": "NOASSERTION",
      "licenseInfoFromFiles": [
        "NOASSERTION"
      ],
      "licenseDeclared": "NOASSERTION",
      "copyrightText": "NOASSERTION",
      "versionInfo": "13.0.1",
      "externalRefs": [
        {
          "referenceCategory": "PACKAGE_MANAGER",
          "referenceType": "purl",
          "referenceLocator": "pkg:nuget/Newtonsoft.Json%4013.0.1"
        }
      ],
      "supplier": "NOASSERTION"
    },
    {
      "name": "System.Security.Cryptography.Pkcs",
      "SPDXID": "SPDXRef-Package-4C119B05AE7EF276FF1F1718615E79BF684DAB11E44237C771FC7C2FE548E220",
      "downloadLocation": "NOASSERTION",
      "filesAnalyzed": false,
      "licenseConcluded": "NOASSERTION",
      "licenseInfoFromFiles": [
        "NOASSERTION"
      ],
      "licenseDeclared": "NOASSERTION",
      "copyrightText": "NOASSERTION",
      "versionInfo": "6.0.1",
      "externalRefs": [
        {
          "referenceCategory": "PACKAGE_MANAGER",
          "referenceType": "purl",
          "referenceLocator": "pkg:nuget/System.Security.Cryptography.Pkcs%406.0.1"
        }
      ],
      "supplier": "NOASSERTION"
    },
    {
      "name": "Microsoft.PowerShell.Native",
      "SPDXID": "SPDXRef-Package-227AC0A7F6D05964D191DE0476A012FF77EA35F469BC66C433D3EF14B405A393",
      "downloadLocation": "NOASSERTION",
      "filesAnalyzed": false,
      "licenseConcluded": "NOASSERTION",
      "licenseInfoFromFiles": [
        "NOASSERTION"
      ],
      "licenseDeclared": "NOASSERTION",
      "copyrightText": "NOASSERTION",
      "versionInfo": "7.2.0",
      "externalRefs": [
        {
          "referenceCategory": "PACKAGE_MANAGER",
          "referenceType": "purl",
          "referenceLocator": "pkg:nuget/Microsoft.PowerShell.Native%407.2.0"
        }
      ],
      "supplier": "NOASSERTION"
    },
    {
      "name": "Microsoft.Management.Infrastructure",
      "SPDXID": "SPDXRef-Package-B4818DF507BF454F483D412A8DA720FE15316B607BA2F5300A9D59397AB2CAFE",
      "downloadLocation": "NOASSERTION",
      "filesAnalyzed": false,
      "licenseConcluded": "NOASSERTION",
      "licenseInfoFromFiles": [
        "NOASSERTION"
      ],
      "licenseDeclared": "NOASSERTION",
      "copyrightText": "NOASSERTION",
      "versionInfo": "2.0.0",
      "externalRefs": [
        {
          "referenceCategory": "PACKAGE_MANAGER",
          "referenceType": "purl",
          "referenceLocator": "pkg:nuget/Microsoft.Management.Infrastructure%402.0.0"
        }
      ],
      "supplier": "NOASSERTION"
    },
    {
      "name": "Microsoft.ApplicationInsights",
      "SPDXID": "SPDXRef-Package-2E0BBEAF0EB8B69339E6071A2989DCFD4AF6F7EF1C2FC710EC9D500A53E90602",
      "downloadLocation": "NOASSERTION",
      "filesAnalyzed": false,
      "licenseConcluded": "NOASSERTION",
      "licenseInfoFromFiles": [
        "NOASSERTION"
      ],
      "licenseDeclared": "NOASSERTION",
      "copyrightText": "NOASSERTION",
      "versionInfo": "2.21.0",
      "externalRefs": [
        {
          "referenceCategory": "PACKAGE_MANAGER",
          "referenceType": "purl",
          "referenceLocator": "pkg:nuget/Microsoft.ApplicationInsights%402.21.0"
        }
      ],
      "supplier": "NOASSERTION"
    },
    {
      "name": "System.Management",
      "SPDXID": "SPDXRef-Package-D6D5B8242F983BD5148EE9820023BC5C0E96562881FF388B12753B42CC62B2D1",
      "downloadLocation": "NOASSERTION",
      "filesAnalyzed": false,
      "licenseConcluded": "NOASSERTION",
      "licenseInfoFromFiles": [
        "NOASSERTION"
      ],
      "licenseDeclared": "NOASSERTION",
      "copyrightText": "NOASSERTION",
      "versionInfo": "6.0.0",
      "externalRefs": [
        {
          "referenceCategory": "PACKAGE_MANAGER",
          "referenceType": "purl",
          "referenceLocator": "pkg:nuget/System.Management%406.0.0"
        }
      ],
      "supplier": "NOASSERTION"
    },
    {
      "name": "System.Text.Encoding.CodePages",
      "SPDXID": "SPDXRef-Package-3C9957ED1BC6ABAA65273CB5016D14DFD46C501D8987C7D3A96B3C44ED200B4A",
      "downloadLocation": "NOASSERTION",
      "filesAnalyzed": false,
      "licenseConcluded": "NOASSERTION",
      "licenseInfoFromFiles": [
        "NOASSERTION"
      ],
      "licenseDeclared": "NOASSERTION",
      "copyrightText": "NOASSERTION",
      "versionInfo": "6.0.0",
      "externalRefs": [
        {
          "referenceCategory": "PACKAGE_MANAGER",
          "referenceType": "purl",
          "referenceLocator": "pkg:nuget/System.Text.Encoding.CodePages%406.0.0"
        }
      ],
      "supplier": "NOASSERTION"
    },
    {
      "name": "System.Security.AccessControl",
      "SPDXID": "SPDXRef-Package-BD5D3E09B5B6D3451EDDD1D32105D059705408E4BF509FF6EA91ABE0158BBCFC",
      "downloadLocation": "NOASSERTION",
      "filesAnalyzed": false,
      "licenseConcluded": "NOASSERTION",
      "licenseInfoFromFiles": [
        "NOASSERTION"
      ],
      "licenseDeclared": "NOASSERTION",
      "copyrightText": "NOASSERTION",
      "versionInfo": "6.0.0",
      "externalRefs": [
        {
          "referenceCategory": "PACKAGE_MANAGER",
          "referenceType": "purl",
          "referenceLocator": "pkg:nuget/System.Security.AccessControl%406.0.0"
        }
      ],
      "supplier": "NOASSERTION"
    },
    {
      "name": "Microsoft.PowerShell.CoreCLR.Eventing",
      "SPDXID": "SPDXRef-Package-B4EB7075E4A4E7BF3D180136401D6C0F9EE0FFCFED5746D0DABD6926D6CC76C4",
      "downloadLocation": "NOASSERTION",
      "filesAnalyzed": false,
      "licenseConcluded": "NOASSERTION",
      "licenseInfoFromFiles": [
        "NOASSERTION"
      ],
      "licenseDeclared": "NOASSERTION",
      "copyrightText": "NOASSERTION",
      "versionInfo": "7.2.7",
      "externalRefs": [
        {
          "referenceCategory": "PACKAGE_MANAGER",
          "referenceType": "purl",
          "referenceLocator": "pkg:nuget/Microsoft.PowerShell.CoreCLR.Eventing%407.2.7"
        }
      ],
      "supplier": "NOASSERTION"
    },
    {
      "name": "System.Configuration.ConfigurationManager",
      "SPDXID": "SPDXRef-Package-90A806B3B00B8A78040505756EBEE76710D66B822C5DDAB8DACFC3F53548B182",
      "downloadLocation": "NOASSERTION",
      "filesAnalyzed": false,
      "licenseConcluded": "NOASSERTION",
      "licenseInfoFromFiles": [
        "NOASSERTION"
      ],
      "licenseDeclared": "NOASSERTION",
      "copyrightText": "NOASSERTION",
      "versionInfo": "6.0.1",
      "externalRefs": [
        {
          "referenceCategory": "PACKAGE_MANAGER",
          "referenceType": "purl",
          "referenceLocator": "pkg:nuget/System.Configuration.ConfigurationManager%406.0.1"
        }
      ],
      "supplier": "NOASSERTION"
    },
    {
      "name": "System.Management.Automation",
      "SPDXID": "SPDXRef-RootPackage",
      "downloadLocation": "NOASSERTION",
      "packageVerificationCode": {
        "packageVerificationCodeValue": "95d9b924fd9b622712aa74c5d805b3176303a10c"
      },
      "filesAnalyzed": true,
      "licenseConcluded": "NOASSERTION",
      "licenseInfoFromFiles": [
        "NOASSERTION"
      ],
      "licenseDeclared": "NOASSERTION",
      "copyrightText": "NOASSERTION",
      "versionInfo": "7.2.7",
      "supplier": "Organization: Microsoft",
      "hasFiles": [
        "SPDXRef-File--ref-net6.0-System.Management.Automation.xml-D5BF846228688F8749FE4E0C5C6E1C811C5E2AD4",
        "SPDXRef-File--runtimes-win-lib-net6.0-System.Management.Automation.dll-61F1B209F9F13269606E7A4014AD927C9D214A35",
        "SPDXRef-File--ref-net6.0-System.Management.Automation.dll-08FDC9535465E7BF455796CD288B8ACD0657C269",
        "SPDXRef-File--runtimes-unix-lib-net6.0-System.Management.Automation.dll-D38D44EE0B69AF2377A40EE7C9AEAE585AD0F276"
      ]
    }
  ],
  "externalDocumentRefs": [],
  "relationships": [
    {
      "relationshipType": "DEPENDS_ON",
      "relatedSpdxElement": "SPDXRef-Package-90A806B3B00B8A78040505756EBEE76710D66B822C5DDAB8DACFC3F53548B182",
      "spdxElementId": "SPDXRef-RootPackage"
    },
    {
      "relationshipType": "DEPENDS_ON",
      "relatedSpdxElement": "SPDXRef-Package-B4EB7075E4A4E7BF3D180136401D6C0F9EE0FFCFED5746D0DABD6926D6CC76C4",
      "spdxElementId": "SPDXRef-RootPackage"
    },
    {
      "relationshipType": "DEPENDS_ON",
      "relatedSpdxElement": "SPDXRef-Package-BD5D3E09B5B6D3451EDDD1D32105D059705408E4BF509FF6EA91ABE0158BBCFC",
      "spdxElementId": "SPDXRef-RootPackage"
    },
    {
      "relationshipType": "DEPENDS_ON",
      "relatedSpdxElement": "SPDXRef-Package-3C9957ED1BC6ABAA65273CB5016D14DFD46C501D8987C7D3A96B3C44ED200B4A",
      "spdxElementId": "SPDXRef-RootPackage"
    },
    {
      "relationshipType": "DEPENDS_ON",
      "relatedSpdxElement": "SPDXRef-Package-D6D5B8242F983BD5148EE9820023BC5C0E96562881FF388B12753B42CC62B2D1",
      "spdxElementId": "SPDXRef-RootPackage"
    },
    {
      "relationshipType": "DEPENDS_ON",
      "relatedSpdxElement": "SPDXRef-Package-2E0BBEAF0EB8B69339E6071A2989DCFD4AF6F7EF1C2FC710EC9D500A53E90602",
      "spdxElementId": "SPDXRef-RootPackage"
    },
    {
      "relationshipType": "DEPENDS_ON",
      "relatedSpdxElement": "SPDXRef-Package-B4818DF507BF454F483D412A8DA720FE15316B607BA2F5300A9D59397AB2CAFE",
      "spdxElementId": "SPDXRef-RootPackage"
    },
    {
      "relationshipType": "DEPENDS_ON",
      "relatedSpdxElement": "SPDXRef-Package-6F5ABA2F60FB90661506CC54FDBF9E05522B0358CA56CDFBFF998AB5A5BCD428",
      "spdxElementId": "SPDXRef-RootPackage"
    },
    {
      "relationshipType": "DEPENDS_ON",
      "relatedSpdxElement": "SPDXRef-Package-1B140F7FA3F784DD56CC7A8B4145E9AD58D8CDD4C249A0F27F2262E47C9B41AF",
      "spdxElementId": "SPDXRef-RootPackage"
    },
    {
      "relationshipType": "DEPENDS_ON",
      "relatedSpdxElement": "SPDXRef-Package-C0475C00E6E28E144A924EBE3D4277ACEADC5AC76A243A3807A5440088D23A2A",
      "spdxElementId": "SPDXRef-RootPackage"
    },
    {
      "relationshipType": "DEPENDS_ON",
      "relatedSpdxElement": "SPDXRef-Package-227AC0A7F6D05964D191DE0476A012FF77EA35F469BC66C433D3EF14B405A393",
      "spdxElementId": "SPDXRef-RootPackage"
    },
    {
      "relationshipType": "DEPENDS_ON",
      "relatedSpdxElement": "SPDXRef-Package-4C119B05AE7EF276FF1F1718615E79BF684DAB11E44237C771FC7C2FE548E220",
      "spdxElementId": "SPDXRef-RootPackage"
    },
    {
      "relationshipType": "DEPENDS_ON",
      "relatedSpdxElement": "SPDXRef-Package-85897238C8D0F38E744ED4C88A33739EB2606080F60124A32D442161FFD19D59",
      "spdxElementId": "SPDXRef-RootPackage"
    },
    {
      "relationshipType": "DESCRIBES",
      "relatedSpdxElement": "SPDXRef-RootPackage",
      "spdxElementId": "SPDXRef-DOCUMENT"
    },
    {
      "relationshipType": "DEPENDS_ON",
      "relatedSpdxElement": "SPDXRef-Package-79D23D36E35382A94AE37114DC01A4E20E19FC25E0D5C079BE6A506D4EF964E0",
      "spdxElementId": "SPDXRef-RootPackage"
    }
  ],
  "spdxVersion": "SPDX-2.2",
  "dataLicense": "CC0-1.0",
  "SPDXID": "SPDXRef-DOCUMENT",
  "name": "System.Management.Automation 7.2.7",
  "documentNamespace": "https://sbom.microsoft/1:2QSF7qZlbE-F7QrUJlEo7g:pHp_nUFvDUijZ4LrJ4RhoQ/696:303879/System.Management.Automation:7.2.7:Xbb-eT-zqE2dXYqEV-nT9w",
  "creationInfo": {
    "created": "2022-10-18T01:21:12Z",
    "creators": [
      "Organization: Microsoft",
      "Tool: Microsoft.SBOMTool-0.1.13"
    ]
  },
  "documentDescribes": [
    "SPDXRef-RootPackage"
  ]
}